shell,os,device,theme,kind,surface,built_sha,written_at,path
android,Android 16 (API 36) emulator,"sdk_gphone64_arm64, display forced to 390x844 dp (1170x2532 px @480dpi)",dark,defect,defect-03-plan-sheet-clipped,2d00af6d2537a5a2db9904c6edc18d8efa9d79ee,2026-09-05T15:34:38+0100,android/dark/defect-03-plan-sheet-clipped.png
android,Android 16 (API 36) emulator,"sdk_gphone64_arm64, display forced to 390x844 dp (1170x2532 px @480dpi)",dark,defect,defect-05-intake-select-text-clipped,2d00af6d2537a5a2db9904c6edc18d8efa9d79ee,2026-09-05T15:41:30+0100,android/dark/defect-05-intake-select-text-clipped.png
android,Android 16 (API 36) emulator,"sdk_gphone64_arm64, display forced to 390x844 dp (1170x2532 px @480dpi)",dark,defect,defect-07-map-fallback-retry-under-fab,2d00af6d2537a5a2db9904c6edc18d8efa9d79ee,2026-09-05T15:23:03+0100,android/dark/defect-07-map-fallback-retry-under-fab.png
android,Android 16 (API 36) emulator,"sdk_gphone64_arm64, display forced to 390x844 dp (1170x2532 px @480dpi)",dark,defect,defect-08-on-tonight-route-never-loads,2d00af6d2537a5a2db9904c6edc18d8efa9d79ee,2026-09-05T15:37:17+0100,android/dark/defect-08-on-tonight-route-never-loads.png
android,Android 16 (API 36) emulator,"sdk_gphone64_arm64, display forced to 390x844 dp (1170x2532 px @480dpi)",dark,defect,defect-09-run-night-empty-band,2d00af6d2537a5a2db9904c6edc18d8efa9d79ee,2026-09-05T16:37:47+0100,android/dark/defect-09-run-night-empty-band.png
android,Android 16 (API 36) emulator,"sdk_gphone64_arm64, display forced to 390x844 dp (1170x2532 px @480dpi)",dark,defect,defect-10-route-rail-over-card,2d00af6d2537a5a2db9904c6edc18d8efa9d79ee,2026-09-05T16:39:38+0100,android/dark/defect-10-route-rail-over-card.png
android,Android 16 (API 36) emulator,"sdk_gphone64_arm64, display forced to 390x844 dp (1170x2532 px @480dpi)",dark,defect,defect-11-host-sees-invitee-teaser-cold-start,2d00af6d2537a5a2db9904c6edc18d8efa9d79ee,2026-09-05T17:21:28+0100,android/dark/defect-11-host-sees-invitee-teaser-cold-start.png
android,Android 16 (API 36) emulator,"sdk_gphone64_arm64, display forced to 390x844 dp (1170x2532 px @480dpi)",dark,defect,defect-12-tonight-listings-degraded,2d00af6d2537a5a2db9904c6edc18d8efa9d79ee,2026-09-05T17:25:13+0100,android/dark/defect-12-tonight-listings-degraded.png
android,Android 16 (API 36) emulator,"sdk_gphone64_arm64, display forced to 390x844 dp (1170x2532 px @480dpi)",dark,surface,now,2d00af6d2537a5a2db9904c6edc18d8efa9d79ee,2026-09-05T15:20:07+0100,android/dark/01-now.png
android,Android 16 (API 36) emulator,"sdk_gphone64_arm64, display forced to 390x844 dp (1170x2532 px @480dpi)",dark,surface,tonight,2d00af6d2537a5a2db9904c6edc18d8efa9d79ee,2026-09-05T15:19:36+0100,android/dark/02-tonight.png
android,Android 16 (API 36) emulator,"sdk_gphone64_arm64, display forced to 390x844 dp (1170x2532 px @480dpi)",dark,surface,out,2d00af6d2537a5a2db9904c6edc18d8efa9d79ee,2026-09-05T15:21:25+0100,android/dark/03-out.png
android,Android 16 (API 36) emulator,"sdk_gphone64_arm64, display forced to 390x844 dp (1170x2532 px @480dpi)",dark,surface,map-venue-selected,2d00af6d2537a5a2db9904c6edc18d8efa9d79ee,2026-09-05T15:27:58+0100,android/dark/04-map-venue-selected.png
android,Android 16 (API 36) emulator,"sdk_gphone64_arm64, display forced to 390x844 dp (1170x2532 px @480dpi)",dark,surface,social,2d00af6d2537a5a2db9904c6edc18d8efa9d79ee,2026-09-05T15:21:25+0100,android/dark/05-social.png
android,Android 16 (API 36) emulator,"sdk_gphone64_arm64, display forced to 390x844 dp (1170x2532 px @480dpi)",dark,surface,you,2d00af6d2537a5a2db9904c6edc18d8efa9d79ee,2026-09-05T15:21:25+0100,android/dark/06-you.png
android,Android 16 (API 36) emulator,"sdk_gphone64_arm64, display forced to 390x844 dp (1170x2532 px @480dpi)",dark,surface,onboarding,2d00af6d2537a5a2db9904c6edc18d8efa9d79ee,2026-09-05T17:25:13+0100,android/dark/07-onboarding.png
android,Android 16 (API 36) emulator,"sdk_gphone64_arm64, display forced to 390x844 dp (1170x2532 px @480dpi)",dark,surface,vibe-loop,2d00af6d2537a5a2db9904c6edc18d8efa9d79ee,2026-09-05T17:22:20+0100,android/dark/08-vibe-loop-plan-page.png
android,Android 16 (API 36) emulator,"sdk_gphone64_arm64, display forced to 390x844 dp (1170x2532 px @480dpi)",light,defect,defect-01-onboarding-primary-clipped,2d00af6d2537a5a2db9904c6edc18d8efa9d79ee,2026-09-05T15:05:21+0100,android/light/defect-01-onboarding-primary-clipped.png
android,Android 16 (API 36) emulator,"sdk_gphone64_arm64, display forced to 390x844 dp (1170x2532 px @480dpi)",light,defect,defect-02-onboarding-fab-overlap,2d00af6d2537a5a2db9904c6edc18d8efa9d79ee,2026-09-05T15:05:45+0100,android/light/defect-02-onboarding-fab-overlap.png
android,Android 16 (API 36) emulator,"sdk_gphone64_arm64, display forced to 390x844 dp (1170x2532 px @480dpi)",light,defect,defect-03-plan-sheet-clipped,2d00af6d2537a5a2db9904c6edc18d8efa9d79ee,2026-09-05T15:07:30+0100,android/light/defect-03-plan-sheet-clipped.png
android,Android 16 (API 36) emulator,"sdk_gphone64_arm64, display forced to 390x844 dp (1170x2532 px @480dpi)",light,defect,defect-04-lock-disabled-no-reason,2d00af6d2537a5a2db9904c6edc18d8efa9d79ee,2026-09-05T15:15:37+0100,android/light/defect-04-lock-disabled-no-reason.png
android,Android 16 (API 36) emulator,"sdk_gphone64_arm64, display forced to 390x844 dp (1170x2532 px @480dpi)",light,defect,defect-05-intake-select-text-clipped,2d00af6d2537a5a2db9904c6edc18d8efa9d79ee,2026-09-05T15:15:14+0100,android/light/defect-05-intake-select-text-clipped.png
android,Android 16 (API 36) emulator,"sdk_gphone64_arm64, display forced to 390x844 dp (1170x2532 px @480dpi)",light,defect,defect-06-fab-covers-floating-pill,2d00af6d2537a5a2db9904c6edc18d8efa9d79ee,2026-09-05T15:17:43+0100,android/light/defect-06-fab-covers-floating-pill.png
android,Android 16 (API 36) emulator,"sdk_gphone64_arm64, display forced to 390x844 dp (1170x2532 px @480dpi)",light,surface,now,2d00af6d2537a5a2db9904c6edc18d8efa9d79ee,2026-09-05T15:09:39+0100,android/light/01-now.png
android,Android 16 (API 36) emulator,"sdk_gphone64_arm64, display forced to 390x844 dp (1170x2532 px @480dpi)",light,surface,tonight,2d00af6d2537a5a2db9904c6edc18d8efa9d79ee,2026-09-05T15:10:12+0100,android/light/02-tonight.png
android,Android 16 (API 36) emulator,"sdk_gphone64_arm64, display forced to 390x844 dp (1170x2532 px @480dpi)",light,surface,out,2d00af6d2537a5a2db9904c6edc18d8efa9d79ee,2026-09-05T15:10:41+0100,android/light/03-out.png
android,Android 16 (API 36) emulator,"sdk_gphone64_arm64, display forced to 390x844 dp (1170x2532 px @480dpi)",light,surface,map-venue-selected,2d00af6d2537a5a2db9904c6edc18d8efa9d79ee,2026-09-05T15:09:07+0100,android/light/04-map-venue-selected.png
android,Android 16 (API 36) emulator,"sdk_gphone64_arm64, display forced to 390x844 dp (1170x2532 px @480dpi)",light,surface,social,2d00af6d2537a5a2db9904c6edc18d8efa9d79ee,2026-09-05T15:11:10+0100,android/light/05-social.png
android,Android 16 (API 36) emulator,"sdk_gphone64_arm64, display forced to 390x844 dp (1170x2532 px @480dpi)",light,surface,you,2d00af6d2537a5a2db9904c6edc18d8efa9d79ee,2026-09-05T15:11:40+0100,android/light/06-you.png
android,Android 16 (API 36) emulator,"sdk_gphone64_arm64, display forced to 390x844 dp (1170x2532 px @480dpi)",light,surface,onboarding,2d00af6d2537a5a2db9904c6edc18d8efa9d79ee,2026-09-05T15:04:35+0100,android/light/07-onboarding.png
android,Android 16 (API 36) emulator,"sdk_gphone64_arm64, display forced to 390x844 dp (1170x2532 px @480dpi)",light,surface,vibe-loop,2d00af6d2537a5a2db9904c6edc18d8efa9d79ee,2026-09-05T15:18:16+0100,android/light/08-vibe-loop.png
ios,iOS 26.5 simulator,"iPhone 14 (390x844 pt, 1170x2532 px)",dark,surface,now,2d00af6d2537a5a2db9904c6edc18d8efa9d79ee,2026-09-05T17:06:04+0100,ios/dark/01-now.png
ios,iOS 26.5 simulator,"iPhone 14 (390x844 pt, 1170x2532 px)",dark,surface,tonight,2d00af6d2537a5a2db9904c6edc18d8efa9d79ee,2026-09-05T17:06:04+0100,ios/dark/02-tonight.png
ios,iOS 26.5 simulator,"iPhone 14 (390x844 pt, 1170x2532 px)",dark,surface,out,2d00af6d2537a5a2db9904c6edc18d8efa9d79ee,2026-09-05T17:08:29+0100,ios/dark/03-out.png
ios,iOS 26.5 simulator,"iPhone 14 (390x844 pt, 1170x2532 px)",dark,surface,map-venue-selected,2d00af6d2537a5a2db9904c6edc18d8efa9d79ee,2026-09-05T17:10:25+0100,ios/dark/04-map-venue-selected.png
ios,iOS 26.5 simulator,"iPhone 14 (390x844 pt, 1170x2532 px)",dark,surface,social,2d00af6d2537a5a2db9904c6edc18d8efa9d79ee,2026-09-05T17:08:29+0100,ios/dark/05-social.png
ios,iOS 26.5 simulator,"iPhone 14 (390x844 pt, 1170x2532 px)",dark,surface,you,2d00af6d2537a5a2db9904c6edc18d8efa9d79ee,2026-09-05T17:08:29+0100,ios/dark/06-you.png
ios,iOS 26.5 simulator,"iPhone 14 (390x844 pt, 1170x2532 px)",dark,surface,onboarding,2d00af6d2537a5a2db9904c6edc18d8efa9d79ee,2026-09-05T17:11:45+0100,ios/dark/07-onboarding.png
ios,iOS 26.5 simulator,"iPhone 14 (390x844 pt, 1170x2532 px)",dark,surface,vibe-loop,2d00af6d2537a5a2db9904c6edc18d8efa9d79ee,2026-09-05T17:10:25+0100,ios/dark/08-vibe-loop-plan-page.png
ios,iOS 26.5 simulator,"iPhone 14 (390x844 pt, 1170x2532 px)",light,surface,now,2d00af6d2537a5a2db9904c6edc18d8efa9d79ee,2026-09-05T16:55:08+0100,ios/light/01-now.png
ios,iOS 26.5 simulator,"iPhone 14 (390x844 pt, 1170x2532 px)",light,surface,tonight,2d00af6d2537a5a2db9904c6edc18d8efa9d79ee,2026-09-05T16:57:37+0100,ios/light/02-tonight.png
ios,iOS 26.5 simulator,"iPhone 14 (390x844 pt, 1170x2532 px)",light,surface,out,2d00af6d2537a5a2db9904c6edc18d8efa9d79ee,2026-09-05T16:57:37+0100,ios/light/03-out.png
ios,iOS 26.5 simulator,"iPhone 14 (390x844 pt, 1170x2532 px)",light,surface,map-venue-selected,2d00af6d2537a5a2db9904c6edc18d8efa9d79ee,2026-09-05T17:01:33+0100,ios/light/04-map-venue-selected.png
ios,iOS 26.5 simulator,"iPhone 14 (390x844 pt, 1170x2532 px)",light,surface,social,2d00af6d2537a5a2db9904c6edc18d8efa9d79ee,2026-09-05T17:00:02+0100,ios/light/05-social.png
ios,iOS 26.5 simulator,"iPhone 14 (390x844 pt, 1170x2532 px)",light,surface,you,2d00af6d2537a5a2db9904c6edc18d8efa9d79ee,2026-09-05T17:00:02+0100,ios/light/06-you.png
ios,iOS 26.5 simulator,"iPhone 14 (390x844 pt, 1170x2532 px)",light,surface,onboarding,2d00af6d2537a5a2db9904c6edc18d8efa9d79ee,2026-09-05T16:51:44+0100,ios/light/07-onboarding.png
ios,iOS 26.5 simulator,"iPhone 14 (390x844 pt, 1170x2532 px)",light,surface,vibe-loop,2d00af6d2537a5a2db9904c6edc18d8efa9d79ee,2026-09-05T17:04:17+0100,ios/light/08-vibe-loop-plan-page.png
