host,origin,pubs,robots,allowed
nevison-inn.com,http://nevison-inn.com,1,challenge-page,false
northernmonkbrewco.com,http://www.northernmonkbrewco.com,1,challenge-page,false
northnorfolkpub.co.uk,https://www.northnorfolkpub.co.uk,1,challenge-page,false
theblackbullinn.co.uk,https://www.theblackbullinn.co.uk,1,challenge-page,false
thechestnutpub.co.uk,https://www.thechestnutpub.co.uk,1,challenge-page,false
thecockinnhanbury.com,https://thecockinnhanbury.com,1,challenge-page,false
thefouralls-ovington.co.uk,https://www.thefouralls-ovington.co.uk,1,challenge-page,false
thesamson.co.uk,https://www.thesamson.co.uk,1,challenge-page,false
theshadyoakcountryinn.co.uk,https://theshadyoakcountryinn.co.uk,1,challenge-page,false
threehorseshoesmolehillgreen.co.uk,https://www.threehorseshoesmolehillgreen.co.uk,1,challenge-page,false
whichcotearms.co.uk,https://whichcotearms.co.uk,1,challenge-page,false
greatukpubs.co.uk,https://www.greatukpubs.co.uk,240,html-page,true
tabletable.co.uk,https://www.tabletable.co.uk,16,html-page,true
pubanddining.co.uk,https://www.pubanddining.co.uk,8,html-page,true
geronimo-inns.co.uk,http://www.geronimo-inns.co.uk,6,html-page,true
molesbrewery.com,http://www.molesbrewery.com,4,html-page,true
frontierpubs.co.uk,https://frontierpubs.co.uk,3,html-page,true
marstonstaverns.co.uk,http://www.marstonstaverns.co.uk,3,html-page,true
pitcherandpiano.com,http://www.pitcherandpiano.com,3,html-page,true
whitbreadinns.co.uk,https://www.whitbreadinns.co.uk,3,html-page,true
britannia-pier.co.uk,https://britannia-pier.co.uk,2,html-page,true
chickenandgrillpubs.co.uk,https://www.chickenandgrillpubs.co.uk,2,html-page,true
freewebs.com,https://www.freewebs.com,2,html-page,true
achnesshotel.co.uk,http://www.achnesshotel.co.uk,1,html-page,true
althorp-coaching-inn.co.uk,https://www.althorp-coaching-inn.co.uk,1,html-page,true
anchorinnatlowerfroyle.co.uk,https://www.anchorinnatlowerfroyle.co.uk,1,html-page,true
anchorkegworth.com,https://www.anchorkegworth.com,1,html-page,true
angelatholmesfield.co.uk,https://www.angelatholmesfield.co.uk,1,html-page,true
bankst.co.uk,https://bankst.co.uk,1,html-page,true
barleymowbonsall.co.uk,https://www.barleymowbonsall.co.uk,1,html-page,true
bclm.co.uk,https://www.bclm.co.uk,1,html-page,true
beamishestanley.play-cricket.com,https://beamishestanley.play-cricket.com,1,html-page,true
bearbath.co.uk,https://www.bearbath.co.uk,1,html-page,true
bedfordarmsoakley.co.uk,http://www.bedfordarmsoakley.co.uk,1,html-page,true
beehivecarterton.co.uk,https://www.beehivecarterton.co.uk,1,html-page,true
beehivewandsworth.co.uk,https://beehivewandsworth.co.uk,1,html-page,true
bhurtpore.co.uk,https://www.bhurtpore.co.uk,1,html-page,true
blackbullblidworth.co.uk,https://www.blackbullblidworth.co.uk,1,html-page,true
blackhorseclifton.co.uk,http://www.blackhorseclifton.co.uk,1,html-page,true
blackhorserottingdean.com,https://www.blackhorserottingdean.com,1,html-page,true
blackhorsesowton.co.uk,http://blackhorsesowton.co.uk,1,html-page,true
blackhorsewoburn.co.uk,https://www.blackhorsewoburn.co.uk,1,html-page,true
blackswanleyburn.co.uk,https://www.blackswanleyburn.co.uk,1,html-page,true
bowerhouseinn.co.uk,https://www.bowerhouseinn.co.uk,1,html-page,true
brackenrigginn.co.uk,https://www.brackenrigginn.co.uk,1,html-page,true
brasloubiere.com,https://www.brasloubiere.com,1,html-page,true
brookmanspub.co.uk,https://www.brookmanspub.co.uk,1,html-page,true
buccaneerbrough.co.uk,http://www.buccaneerbrough.co.uk,1,html-page,true
busfeildarms.co.uk,https://www.busfeildarms.co.uk,1,html-page,true
bushelnewmarket.co.uk,https://bushelnewmarket.co.uk,1,html-page,true
charleswellspubs.co.uk,http://www.charleswellspubs.co.uk,1,html-page,true
chequerscharney.co.uk,https://www.chequerscharney.co.uk,1,html-page,true
coachandhorsescrewe.com,https://www.coachandhorsescrewe.com,1,html-page,true
commercial-tavern.com,https://www.commercial-tavern.com,1,html-page,true
compassesgreenfield.co.uk,https://compassesgreenfield.co.uk,1,html-page,true
cottageofcontent.com,http://www.cottageofcontent.com,1,html-page,true
craddocksbrewery.co.uk,http://www.craddocksbrewery.co.uk,1,html-page,true
cromwellscollingham.com,https://cromwellscollingham.com,1,html-page,true
crosskeyscowden.com,https://crosskeyscowden.com,1,html-page,true
crosskeysdilham.co.uk,https://www.crosskeysdilham.co.uk,1,html-page,true
crosskeyshamsterley.co.uk,http://www.crosskeyshamsterley.co.uk,1,html-page,true
crownciren.com,https://www.crownciren.com,1,html-page,true
destinationinns.co.uk,https://www.destinationinns.co.uk,1,html-page,true
eebria.com,https://www.eebria.com,1,html-page,true
elkshead.co.uk,http://elkshead.co.uk,1,html-page,true
everardsmeadows.co.uk,https://www.everardsmeadows.co.uk,1,html-page,true
exalebrew.co.uk,https://exalebrew.co.uk,1,html-page,true
exchequercrookham.co.uk,https://www.exchequercrookham.co.uk,1,html-page,true
exmoorpubs.co.uk,https://www.exmoorpubs.co.uk,1,html-page,true
exmoutharms.com,https://www.exmoutharms.com,1,html-page,true
firestationwaterloo.co.uk,https://www.firestationwaterloo.co.uk,1,html-page,true
fishesoxford.co.uk,https://www.fishesoxford.co.uk,1,html-page,true
fitzwalterarms.co.uk,http://www.fitzwalterarms.co.uk,1,html-page,true
fleurdelysnsp.co.uk,https://www.fleurdelysnsp.co.uk,1,html-page,true
flowingwellabingdon.co.uk,http://www.flowingwellabingdon.co.uk,1,html-page,true
foxandhoundstheale.co.uk,https://www.foxandhoundstheale.co.uk,1,html-page,true
georgeanddragonrisborough.co.uk,http://georgeanddragonrisborough.co.uk,1,html-page,true
georgeinnnsp.co.uk,https://www.georgeinnnsp.co.uk,1,html-page,true
glamorouscoventry.co.uk,https://www.glamorouscoventry.co.uk,1,html-page,true
goldenballyork.co.uk,https://www.goldenballyork.co.uk,1,html-page,true
gritchiepubs.com,https://gritchiepubs.com,1,html-page,true
halfmoonjackfield.moonfruit.com,http://www.halfmoonjackfield.moonfruit.com,1,html-page,true
halfwayhouse-edinburgh.com,http://halfwayhouse-edinburgh.com,1,html-page,true
hambroarms.com,https://www.hambroarms.com,1,html-page,true
heronkendal.co.uk,http://www.heronkendal.co.uk,1,html-page,true
highcornerinn.co.uk,https://www.highcornerinn.co.uk,1,html-page,true
hopeandanchormidford.co.uk,https://hopeandanchormidford.co.uk,1,html-page,true
horseandgroombelgravia.co.uk,https://www.horseandgroombelgravia.co.uk,1,html-page,true
horseandguardsman.co.uk,https://www.horseandguardsman.co.uk,1,html-page,true
ilovethecastle.com,http://ilovethecastle.com,1,html-page,true
jdwetherspoon.co.uk,http://www.jdwetherspoon.co.uk,1,html-page,true
kingsarms-bicester.com,https://kingsarms-bicester.com,1,html-page,true
kingsarmsmelksham.co.uk,https://www.kingsarmsmelksham.co.uk,1,html-page,true
kingsarmsnewportpagnell.co.uk,https://www.kingsarmsnewportpagnell.co.uk,1,html-page,true
kingsarmsnorwich.co.uk,http://www.kingsarmsnorwich.co.uk,1,html-page,true
langhambluebell.co.uk,https://www.langhambluebell.co.uk,1,html-page,true
leatherandlacebarandgrill.com,https://leatherandlacebarandgrill.com,1,html-page,true
littleangelwhitby.co.uk,http://littleangelwhitby.co.uk,1,html-page,true
llanthony.co.uk,http://www.llanthony.co.uk,1,html-page,true
lordwargrave.com,https://www.lordwargrave.com,1,html-page,true
maltings.co.uk,http://www.maltings.co.uk,1,html-page,true
masonsismoran.co.uk,https://www.masonsismoran.co.uk,1,html-page,true
meadehall.co.uk,https://www.meadehall.co.uk,1,html-page,true
moodycowpub.com,https://www.moodycowpub.com,1,html-page,true
morstonanchor.co.uk,http://www.morstonanchor.co.uk,1,html-page,true
nagsheadmalvern.co.uk,https://www.nagsheadmalvern.co.uk,1,html-page,true
newinn-salisbury.co.uk,https://newinn-salisbury.co.uk,1,html-page,true
newinnhotelclapham.com,https://www.newinnhotelclapham.com,1,html-page,true
newyorktavern.co.uk,http://www.newyorktavern.co.uk,1,html-page,true
oakinnstaplow.co.uk,http://www.oakinnstaplow.co.uk,1,html-page,true
oconnorswb.co.uk,https://oconnorswb.co.uk,1,html-page,true
offshore44.co.uk,https://offshore44.co.uk,1,html-page,true
oilyspub.co.uk,https://oilyspub.co.uk,1,html-page,true
oldshiphackney.com,https://www.oldshiphackney.com,1,html-page,true
oldswanminstermill.co.uk,https://www.oldswanminstermill.co.uk,1,html-page,true
oneelmstratford.co.uk,https://www.oneelmstratford.co.uk,1,html-page,true
peakpub.co.uk,https://www.peakpub.co.uk,1,html-page,true
phelipsarms.co.uk,https://phelipsarms.co.uk,1,html-page,true
pierfive.co.uk,https://www.pierfive.co.uk,1,html-page,true
pink-lily.com,http://pink-lily.com,1,html-page,true
ploughandharrow.co.uk,https://ploughandharrow.co.uk,1,html-page,true
plumeoffeathersnorfolk.com,http://www.plumeoffeathersnorfolk.com,1,html-page,true
polocharinn.com,https://www.polocharinn.com,1,html-page,true
pynearms.co.uk,https://www.pynearms.co.uk,1,html-page,true
queensarmscornwall.com,https://www.queensarmscornwall.com,1,html-page,true
queensheadinn.co.uk,http://www.queensheadinn.co.uk,1,html-page,true
rabyarmsbarnardcastle.co.uk,https://rabyarmsbarnardcastle.co.uk,1,html-page,true
redcowllanelli.com,https://www.redcowllanelli.com,1,html-page,true
robinhoodinn-rowlandscastle.co.uk,https://robinhoodinn-rowlandscastle.co.uk,1,html-page,true
rosepubandkitchen.com,https://www.rosepubandkitchen.com,1,html-page,true
royalclarenceseaton.co.uk,https://www.royalclarenceseaton.co.uk,1,html-page,true
royalmarinelyne.co.uk,https://www.royalmarinelyne.co.uk,1,html-page,true
royaloakd.com,http://royaloakd.com,1,html-page,true
royaloakeastlavant.co.uk,https://www.royaloakeastlavant.co.uk,1,html-page,true
selbornearms.co.uk,https://www.selbornearms.co.uk,1,html-page,true
shipinndymchurch.co.uk,https://www.shipinndymchurch.co.uk,1,html-page,true
sir-john-barleycorn.co.uk,https://www.sir-john-barleycorn.co.uk,1,html-page,true
stanleyarmsanderton.co.uk,https://stanleyarmsanderton.co.uk,1,html-page,true
starandgarterleamington.co.uk,https://www.starandgarterleamington.co.uk,1,html-page,true
stjohnstavern.com,http://www.stjohnstavern.com,1,html-page,true
stokeinn.co.uk,http://www.stokeinn.co.uk,1,html-page,true
sunandwoolpack.co.uk,http://www.sunandwoolpack.co.uk,1,html-page,true
suninntroutbeck.org,https://suninntroutbeck.org,1,html-page,true
swanneedhammarket.co.uk,https://swanneedhammarket.co.uk,1,html-page,true
swansalford.co.uk,https://www.swansalford.co.uk,1,html-page,true
talbotinnberwickstjohn.co.uk,https://www.talbotinnberwickstjohn.co.uk,1,html-page,true
tcwgoring.co.uk,http://www.tcwgoring.co.uk,1,html-page,true
telscombetavern.com,https://www.telscombetavern.com,1,html-page,true
the-griffin.com,https://www.the-griffin.com,1,html-page,true
the-windmill.co.uk,https://the-windmill.co.uk,1,html-page,true
the78barandkitchen.com,https://www.the78barandkitchen.com,1,html-page,true
theanchordanbury.co.uk,http://www.theanchordanbury.co.uk,1,html-page,true
thebaldfacedstagn2.co.uk,https://www.thebaldfacedstagn2.co.uk,1,html-page,true
thebeerkitchen.co.uk,http://thebeerkitchen.co.uk,1,html-page,true
thebirleyarmshotel.co.uk,https://www.thebirleyarmshotel.co.uk,1,html-page,true
theblackhorselondon.com,https://www.theblackhorselondon.com,1,html-page,true
theblackhorsetring.co.uk,http://www.theblackhorsetring.co.uk,1,html-page,true
theblacklakeinn.com,https://www.theblacklakeinn.com,1,html-page,true
thebrickies.co.uk,http://www.thebrickies.co.uk,1,html-page,true
thebritishoakwakefield.co.uk,http://thebritishoakwakefield.co.uk,1,html-page,true
thebrowncowpub.co.uk,https://www.thebrowncowpub.co.uk,1,html-page,true
thecarnarvon.co.uk,https://thecarnarvon.co.uk,1,html-page,true
thecastlesaltwood.co.uk,https://www.thecastlesaltwood.co.uk,1,html-page,true
thecoachclerkenwell.co.uk,https://thecoachclerkenwell.co.uk,1,html-page,true
thecoachmakersarms.co.uk,https://www.thecoachmakersarms.co.uk,1,html-page,true
thecobblerfamilypubandrestaurant.co.uk,https://www.thecobblerfamilypubandrestaurant.co.uk,1,html-page,true
thecoronationtap.com,http://www.thecoronationtap.com,1,html-page,true
thecrownandanchorwinchester.co.uk,http://www.thecrownandanchorwinchester.co.uk,1,html-page,true
thecrownandcastle.co.uk,https://thecrownandcastle.co.uk,1,html-page,true
thecrownandcushionwelburn.com,https://thecrownandcushionwelburn.com,1,html-page,true
thecrownatarford.co.uk,https://www.thecrownatarford.co.uk,1,html-page,true
thecurfewbath.co.uk,https://www.thecurfewbath.co.uk,1,html-page,true
thedartmouthcastle.co.uk,https://www.thedartmouthcastle.co.uk,1,html-page,true
thedispensarylondon.co.uk,https://www.thedispensarylondon.co.uk,1,html-page,true
theduckpettbottom.com,http://www.theduckpettbottom.com,1,html-page,true
thedukeofcumberland.moonfruit.com,http://thedukeofcumberland.moonfruit.com,1,html-page,true
thedukeofwellington.london,http://thedukeofwellington.london,1,html-page,true
thedukeofyorkpub.com,https://www.thedukeofyorkpub.com,1,html-page,true
theeldonhouse.com,https://www.theeldonhouse.com,1,html-page,true
thefleecehorsforth.co.uk,http://www.thefleecehorsforth.co.uk,1,html-page,true
thefleeceinn.info,https://www.thefleeceinn.info,1,html-page,true
theforgeaislaby.co.uk,https://www.theforgeaislaby.co.uk,1,html-page,true
thefoxsteakhouse.co.uk,http://www.thefoxsteakhouse.co.uk,1,html-page,true
thefoxtod.co.uk,http://thefoxtod.co.uk,1,html-page,true
thegatehousen6.com,https://thegatehousen6.com,1,html-page,true
thegeorgeanddragon-watton.co.uk,https://thegeorgeanddragon-watton.co.uk,1,html-page,true
thegeorgebridport.co.uk,http://thegeorgebridport.co.uk,1,html-page,true
theglobeinncalthwaite.com,http://www.theglobeinncalthwaite.com,1,html-page,true
thegoathlandhotel.co.uk,https://www.thegoathlandhotel.co.uk,1,html-page,true
thegoldenlionweardale.com,http://www.thegoldenlionweardale.com,1,html-page,true
thehankridgearms.com,https://thehankridgearms.com,1,html-page,true
thehaughmond.co.uk,https://www.thehaughmond.co.uk,1,html-page,true
thehollybushinseighford.co.uk,https://thehollybushinseighford.co.uk,1,html-page,true
thehorseshoethurlby.co.uk,https://www.thehorseshoethurlby.co.uk,1,html-page,true
theinnonthewharf.co.uk,http://www.theinnonthewharf.co.uk,1,html-page,true
thekerrylambpowys.co.uk,https://www.thekerrylambpowys.co.uk,1,html-page,true
thekingandqueenpub.co.uk,http://www.thekingandqueenpub.co.uk,1,html-page,true
thekingsheadhotellondon.co.uk,https://www.thekingsheadhotellondon.co.uk,1,html-page,true
thelangstrath.com,http://www.thelangstrath.com,1,html-page,true
theleatherbottle.net,http://www.theleatherbottle.net,1,html-page,true
theleatherbottle.pub,http://www.theleatherbottle.pub,1,html-page,true
thelionluddesdown.com,https://thelionluddesdown.com,1,html-page,true
thelionwinchcombe.co.uk,https://www.thelionwinchcombe.co.uk,1,html-page,true
theliveseyarms.com,https://theliveseyarms.com,1,html-page,true
thelyndhurstreading.co.uk,https://www.thelyndhurstreading.co.uk,1,html-page,true
themaltharden.co.uk,https://www.themaltharden.co.uk,1,html-page,true
themayflowerlymington.co.uk,https://www.themayflowerlymington.co.uk,1,html-page,true
themetropolitanlc.co.uk,https://www.themetropolitanlc.co.uk,1,html-page,true
theminersacomb.com,https://www.theminersacomb.com,1,html-page,true
theoldhallinnandcottages.co.uk,https://theoldhallinnandcottages.co.uk,1,html-page,true
theoldoriginal.co.uk,http://www.theoldoriginal.co.uk,1,html-page,true
theorange.co.uk,https://www.theorange.co.uk,1,html-page,true
thepolecatinn.co.uk,https://www.thepolecatinn.co.uk,1,html-page,true
therailwaybattle.co.uk,https://www.therailwaybattle.co.uk,1,html-page,true
theraveninn.uk,http://theraveninn.uk,1,html-page,true
theredlioncherryhinton.co.uk,http://www.theredlioncherryhinton.co.uk,1,html-page,true
therisingsunslipend.co.uk,https://www.therisingsunslipend.co.uk,1,html-page,true
therisleypark.co.uk,https://www.therisleypark.co.uk,1,html-page,true
therustynail.co.uk,http://www.therustynail.co.uk,1,html-page,true
theschoonerhotel.co.uk,https://www.theschoonerhotel.co.uk,1,html-page,true
thesecondfiddlebelfast.co.uk,https://www.thesecondfiddlebelfast.co.uk,1,html-page,true
theshipinnpar.com,https://www.theshipinnpar.com,1,html-page,true
theshropshireinnhaughton.co.uk,https://www.theshropshireinnhaughton.co.uk,1,html-page,true
thespringhead.co.uk,https://thespringhead.co.uk,1,html-page,true
thestaralfriston.co.uk,http://www.thestaralfriston.co.uk,1,html-page,true
theswanwilton.co.uk,http://www.theswanwilton.co.uk,1,html-page,true
thetallyhobroughton.co.uk,https://www.thetallyhobroughton.co.uk,1,html-page,true
thethornwoodglasgow.com,https://thethornwoodglasgow.com,1,html-page,true
thethreehorseshoeslh.co.uk,https://www.thethreehorseshoeslh.co.uk,1,html-page,true
thetownmills.co.uk,https://thetownmills.co.uk,1,html-page,true
thevictory.uk,https://www.thevictory.uk,1,html-page,true
thevineinnpub.com,https://thevineinnpub.com,1,html-page,true
thewalnuttreehotel.com,https://www.thewalnuttreehotel.com,1,html-page,true
thewelldiggersarms.co.uk,https://www.thewelldiggersarms.co.uk,1,html-page,true
thewenvoearms.co.uk,https://thewenvoearms.co.uk,1,html-page,true
thewheatsheafbrigsteer.co.uk,https://thewheatsheafbrigsteer.co.uk,1,html-page,true
thewheatsheafsw17.com,https://www.thewheatsheafsw17.com,1,html-page,true
thewhippetinn.com,http://www.thewhippetinn.com,1,html-page,true
thewhitehorse.co.uk,https://www.thewhitehorse.co.uk,1,html-page,true
thewoodmanclent.co.uk,https://www.thewoodmanclent.co.uk,1,html-page,true
thewoolpackterringtonstjohn.co.uk,http://www.thewoolpackterringtonstjohn.co.uk,1,html-page,true
theyewtreesandling.co.uk,https://www.theyewtreesandling.co.uk,1,html-page,true
threetunstamworth.com,http://www.threetunstamworth.com,1,html-page,true
tomothewood.co.uk,http://www.tomothewood.co.uk,1,html-page,true
towerbankarms.co.uk,https://www.towerbankarms.co.uk,1,html-page,true
travellersrest.org.uk,http://travellersrest.org.uk,1,html-page,true
tydderwinn.moonfruit.com,http://www.tydderwinn.moonfruit.com,1,html-page,true
valleybar.co.uk,https://www.valleybar.co.uk,1,html-page,true
victorianpub.co.uk,https://www.victorianpub.co.uk,1,html-page,true
walterdecantelupe.co.uk,https://www.walterdecantelupe.co.uk,1,html-page,true
whitehartwroughton.co.uk,https://www.whitehartwroughton.co.uk,1,html-page,true
whitelionarreton.com,http://www.whitelionarreton.com,1,html-page,true
whitelionhotel.net,https://whitelionhotel.net,1,html-page,true
whitelionsawston.co.uk,http://www.whitelionsawston.co.uk,1,html-page,true
woodendbar.co.uk,http://www.woodendbar.co.uk,1,html-page,true
ybryncynan.pub,https://ybryncynan.pub,1,html-page,true
yehorseshoe.co.uk,http://www.yehorseshoe.co.uk,1,html-page,true
yorkpubmorecambe.co.uk,https://www.yorkpubmorecambe.co.uk,1,html-page,true
village-hotels.co.uk,https://www.village-hotels.co.uk,2,not-a-rules-file,false
peartreehotelripley.com,https://peartreehotelripley.com,1,not-a-rules-file,false
tanronnen.co.uk,http://www.tanronnen.co.uk,1,not-a-rules-file,false
theharpinn.co.uk,https://www.theharpinn.co.uk,1,not-a-rules-file,false
theoldnewinnpub.co.uk,https://www.theoldnewinnpub.co.uk,1,not-a-rules-file,false
theroystonmicropub.co.uk,https://theroystonmicropub.co.uk,1,not-a-rules-file,false
waterfrontlondon.co.uk,https://www.waterfrontlondon.co.uk,1,not-a-rules-file,false
the-plough-hotel.co.uk,http://www.the-plough-hotel.co.uk,1,unreachable,false
